1º A|Alencar|Título|#Link|Autor(es)
1º A|Alexandre|Título|#Link|Autor(es)
1º A|Ana Cristina|Título|#Link|Autor(es)
1º A|Ana Júlia|Título|#Link|Autor(es)
1º A|Ana Paula|Título|#Link|Autor(es)
1º A|Anny|Título|https://annylu1z4.github.io/Site-Individual/|Anny
1º A|Dhovana|Título|#Link|Autor(es)
1º A|Diêniffer|Título|#Link|Autor(es)
1º A|Dyêmisson|Título|#Link|Autor(es)
1º A|Emilly|Título|#Link|Autor(es)
1º A|Estefany|Título|#Link|Autor(es)
1º A|Fhaitton|Título|#Link|Autor(es)
1º A|Hágata|Título|#Link|Autor(es)
1º A|Heithor|Título|#Link|Autor(es)
1º A|Helena|Título|#Link|Autor(es)
1º A|Henry|Título|#Link|Autor(es)
1º A|Hevellyn|Título|https://hevellynsouzaarntes16.github.io/site-individual/|Hevellyn
1º A|Isabella|Título|#Link|Autor(es)
1º A|Kaique|Título|#Link|Autor(es)
1º A|Kayon|Título|#Link|Autor(es)
1º A|Larissa|Título|#Link|Autor(es)
1º A|Lucas|Título|#Link|Autor(es)
1º A|Luiz Felipe|Título|#Link|Autor(es)
1º A|Maria Vitória|Título|#Link|Autor(es)
1º A|Matheus Gabriel|Título|#Link|Autor(es)
1º A|Náthaly|Título|#Link|Autor(es)
1º A|Pablo|Título|#Link|Autor(es)
1º A|Pedro Lucas|Título|#Link|Autor(es)
1º A|Rafael|Título|#Link|Autor(es)
1º A|Talya|Título|#Link|Autor(es)
1º A|Thiesa|Simulação de IA|https://thiesasousa-lab.github.io/thiessa/|Thiesa
1º A|Victor|Título|#Link|Autor(es)

1º B|Ana Karolyna|Título|#Link|Autor(es)
1º B|Ana Luiza|Título|https://analuizabarbosa7-hue.github.io/grupo-4/|Ana Luiza
1º B|Anna Luiza|Título|#Link|Autor(es)
1º B|Anny Gabrielle|Título|#Link|Autor(es)
1º B|Anny Stefanny|Título|#Link|Autor(es)
1º B|Bárbara|Cabelos Hidratados|https://barbarahonorato-rgb.github.io/cuidados-para-cabelo-/|Bárbara
1º B|Carlos Antônio|Título|#Link|Autor(es)
1º B|Cloves|Título|#Link|Autor(es)
1º B|David|Título|#Link|Autor(es)
1º B|Evelyn|Título|#Link|Autor(es)
1º B|Felipe|Título|#Link|Autor(es)
1º B|Keven|Título|#Link|Autor(es)
1º B|Lara|Título|#Link|Autor(es)
1º B|Luanna|Título|#Link|Autor(es)
1º B|Lucas Felipe|Título|#Link|Autor(es)
1º B|Lucas Gabryel|Título|#Link|Autor(es)
1º B|Marcela|Título|#Link|Autor(es)
1º B|Maria Eduarda|Título|#Link|Autor(es)
1º B|Maria Paula|Título|#Link|Autor(es)
1º B|Maria Rita|Título|#Link|Autor(es)
1º B|Matheus|Título|#Link|Autor(es)
1º B|Nycole|Produtos de Beleza|https://nycolefernanda-netizen.github.io/individual/|Nycole
1º B|Rafael Joaquim|Título|#Link|Autor(es)
1º B|Renan|Título|#Link|Autor(es)
1º B|Sofia|Título|#Link|Autor(es)
1º B|Tauane|Título|https://tauane-ai.github.io/jogos-cepi/|Tauane
1º B|Thania|Título|#Link|Autor(es)
1º B|Thaylla|Título|#Link|Autor(es)
1º B|Wallace|Título|https://wallacelimasouza-ai.github.io/meuprimeirosite/|Wallace
1º B|Warley|Título|#Link|Autor(es)
1º B|Yusseff|Título|#Link|Autor(es)

1º C|Alicia|Título|#Link|Autor(es)
1º C|Amanda|Título|#Link|Autor(es)
1º C|Ana Júlia|Título|#Link|Autor(es)
1º C|Anna Beatriz|Título|#Link|Autor(es)
1º C|Arthur|Título|#Link|Autor(es)
1º C|Erick|Título|#Link|Autor(es)
1º C|Fellipe|Título|#Link|Autor(es)
1º C|Fernando|Título|#Link|Autor(es)
1º C|Fillipe|Título|#Link|Autor(es)
1º C|Geraldo|Título|#Link|Autor(es)
1º C|Gustavos|Título|#Link|Autor(es)
1º C|Israel|Título|#Link|Autor(es)
1º C|João Vitor|Título|#Link|Autor(es)
1º C|Kaue|Título|#Link|Autor(es)
1º C|Kayky|Título|#Link|Autor(es)
1º C|Lucas José|Título|#Link|Autor(es)
1º C|Lucas Lubachevski|Título|#Link|Autor(es)
1º C|Luiz Felipe|Título|#Link|Autor(es)
1º C|Lukas|Título|#Link|Autor(es)
1º C|Mauricio|Título|#Link|Autor(es)
1º C|Murilo|Título|#Link|Autor(es)
1º C|Natalia|Título|#Link|Autor(es)
1º C|Nicolly|Título|#Link|Autor(es)
1º C|Pedro Henrique|Título|#Link|Autor(es)
1º C|Pedro Lucas|Título|#Link|Autor(es)
1º C|Rayssa|Título|#Link|Autor(es)
1º C|Suellen|Título|#Link|Autor(es)
1º C|Thamili|Título|#Link|Autor(es)
1º C|Vinicius|Título|#Link|Autor(es)
1º C|Vyctor|Título|#Link|Autor(es)
1º C|Vytor|Título|#Link|Autor(es)
1º C|Yana|Título|#Link|Autor(es)

2º A|Ana Carolina|Título|#Link|Autor(es)
2º A|Ana Clara|Título|#Link|Autor(es)
2º A|Ana Luísa|Título|#Link|Autor(es)
2º A|Celine|Título|#Link|Autor(es)
2º A|Daniel|Título|#Link|Autor(es)
2º A|Danillo|Título|#Link|Autor(es)
2º A|Davi|Título|#Link|Autor(es)
2º A|Eduardo|Título|#Link|Autor(es)
2º A|Elcio|Título|https://elciolima-create.github.io/repositorio-dos-cara-do-teto|Elcio
2º A|Fernanda|Título|#Link|Autor(es)
2º A|Gabrielle|Título|#Link|Autor(es)
2º A|Geovanna|Título|#Link|Autor(es)
2º A|Heitor|Título|#Link|Autor(es)
2º A|Italo|Título|#Link|Autor(es)
2º A|Izadora|Título|#Link|Autor(es)
2º A|José|Título|#Link|Autor(es)
2º A|Kauã|Título|https://nzx7x.github.io/GameLab|Autor(es)
2º A|Kawane|Título|#Link|Autor(es)
2º A|Kayo|Título|#Link|Autor(es)
2º A|Marcos Antônio|Título|#Link|Autor(es)
2º A|Marcos Rangel|Título|#Link|Autor(es)
2º A|Michelle|Título|#Link|Autor(es)
2º A|Nicolly|Título|#Link|Autor(es)
2º A|Sidney|Título|#Link|Autor(es)
2º A|Tawany|Título|#Link|Autor(es)
2º A|Ysabella|Título|#Link|Autor(es)

2º B|Ana Clara|Título|#Link|Autor(es)
2º B|Ana Karolyne|Título|#Link|Autor(es)
2º B|Carlos Eduardo|Título|#Link|Autor(es)
2º B|Chrystian|Título|#Link|Autor(es)
2º B|Danilo|Título|#Link|Autor(es)
2º B|Eduardo Góes|Título|#Link|Autor(es)
2º B|Elóah|Título|#Link|Autor(es)
2º B|Emilly|Título|#Link|Autor(es)
2º B|Erycka|Título|#Link|Autor(es)
2º B|Fernando|Título|#Link|Autor(es)
2º B|Gustavo|Título|#Link|Autor(es)
2º B|Igo|Título|#Link|Autor(es)
2º B|João Guilherme|Título|#Link|Autor(es)
2º B|João Victor|Título|#Link|Autor(es)
2º B|Laila|Título|#Link|Autor(es)
2º B|Luys|Título|#Link|Autor(es)
2º B|Maria Eduarda|Título|#Link|Autor(es)
2º B|Rayanny|Título|#Link|Autor(es)
2º B|Silver|Título|#Link|Autor(es)
2º B|Tony|Título|#Link|Autor(es)
2º B|Wagner|Título|#Link|Autor(es)

2º C|Alessandra|Título|#Link|Autor(es)
2º C|Carlos Victor|Título|#Link|Autor(es)
2º C|Cibele|Título|#Link|Autor(es)
2º C|Daniel Xavier|Título|#Link|Autor(es)
2º C|Divino|Título|#Link|Autor(es)
2º C|Gabriela|Título|#Link|Autor(es)
2º C|Giulya|Título|#Link|Autor(es)
2º C|Isabella|Título|#Link|Autor(es)
2º C|Izabelly|Título|#Link|Autor(es)
2º C|Jhully|Título|#Link|Autor(es)
2º C|Joaquim|Título|#Link|Autor(es)
2º C|Kaue|Título|#Link|Autor(es)
2º C|Kayky|Título|#Link|Autor(es)
2º C|Luiz Henrique|Título|#Link|Autor(es)
2º C|Maria Eduarda|Título|#Link|Autor(es)
2º C|Maria Luiza|Título|#Link|Autor(es)
2º C|Osmar|Título|#Link|Autor(es)
2º C|Pabline|Título|#Link|Autor(es)
2º C|Paola|Título|#Link|Autor(es)
2º C|Pedro|Título|#Link|Autor(es)
2º C|Reminton|Título|#Link|Autor(es)
2º C|Roberta|Título|#Link|Autor(es)
2º C|Ruan|Título|#Link|Autor(es)
2º C|Sthefany|Título|#Link|Autor(es)
2º C|Wilkner|Bem-vindo ao meu espaço pessoal na web, onde compartilho um pouco sobre mim, minhas experiências e as coisas que amo.|https://wilunderline.github.io/meusiteiradodelegaldemaneiro/|Wilkner
2º C|Wryel|Título|#Link|Autor(es)

3º A|Anny Gabrielly|Arte em desenvolvimento|https://annyluz1-2026.github.io/Art-desing/|Anny Gabrielly
3º A|Carlos Alexandre|Filmes e séries ilimitados|https://totelis.github.io/Trabalho_do_4Bimestre/|Carlos Alexandre
3º A|Carlos Eduardo|Título|#Link|Autor(es)
3º A|Cauã|Título|#Link|Autor(es)
3º A|Daniel|Título|#Link|Autor(es)
3º A|Felipe|Título|#Link|Autor(es)
3º A|Jhonathan|Título|#Link|Autor(es)
3º A|João|Título|#Link|Autor(es)
3º A|Kaio|Vendas de produtos variados em atacado ou varejo|https://kaiomiguelroiz.github.io/kaio-miguel/|Kaio
3º A|Kayky|Título|#Link|Autor(es)
3º A|Luiz Gustavo|Vamos falar sobre os tipos de computadores.|https://luiz-gustavo060.github.io/Tipos-de-Computador/|Luiz Gustavo
3º A|Marcela|Título|#Link|Autor(es)
3º A|Maria|Criação de modelos de roupas para marcas|https://marialeao16-boop.github.io/-maria/|Maria Eduarda
3º A|Pablo|Um site simples sobre animes — notícias, curiosidades e recomendações.|pablopyetrosad.github.io/otaku-last/|Pablo Pyetro
3º A|Pedro|Título|#Link|Autor(es)
3º A|Samuel|Este site sera para dar a sua opiniao sobre uma manga por favor tenha respeito ja que cada pessoa tem a sua propria opiniao.|https://samueloliveira22-ai.github.io/manga/|Samuel
3º A|Yasmim|Título|#Link|Autor(es)

3º B|Carlos Junio|Título|#Link|Autor(es)
3º B|Daniel|Título|#Link|Autor(es)
3º B|Felype|Título|#Link|Autor(es)
3º B|Gabriel|Título|#Link|Autor(es)
3º B|Hericky|Título|#Link|Autor(es)
3º B|Jamilly|Título|#Link|Autor(es)
3º B|Jean|Título|#Link|Autor(es)
3º B|Maria Eduarda|Título|#Link|Autor(es)
3º B|Maria Luara|Título|#Link|Autor(es)
3º B|Marjory|Título|#Link|Autor(es)
3º B|Matheus|Título|#Link|Autor(es)
3º B|Murilo|Título|#Link|Autor(es)
3º B|Paulo|Título|#Link|Autor(es)
3º B|Rayssa|Título|#Link|Autor(es)
3º B|Sthefane|Cosmos dos Livros|https://sthefanebrito.github.io/Livraria-C-smica/|Sthefane
3º B|Yasmin|Título|#Link|Autor(es)

